{"Users":[{"Name":{"Fname":"Tommy","Lname":"Trojan"},"Events":[{"Title":"Kristy\u0027s Birthday Party","Time":"2:00 pm","Date":{"Month":"July","Day":"31","Year":2018}},{"Title":"Doctor\u0027s Appointment","Time":"10:00 am","Date":{"Month":"September","Day":"13","Year":2018}}]},{"Name":{"Fname":"Jeffrey","Lname":"Miller"},"Events":[{"Title":"Lecture","Time":"8:00 am","Date":{"Month":"August","Day":"25","Year":2018}},{"Title":"Hridee\u0027s birthday","Time":"10:00pm","Date":{"Month":"September","Day":"16th","Year":2018}}]},{"Name":{"Fname":"Anant","Lname":" Chandra"},"Events":[]}]}